AD_ID,feature
196245546,ABS
196245546,Air Conditioning
196245546,Airbags
196245546,Alarm/Anti-Theft System
196245546,AM/FM Radio
196245546,Aux Audio In
196245546,Bluetooth System
196245546,Cruise Control
196245546,EBD
196245546,Fog Lights
196245546,Keyless Start
196245546,Leather Seats
196245546,Navigation System
196245546,Off-Road Tyres
196245546,Parking Sensors
196245546,Power Locks
196245546,Power Mirrors
196245546,Power Seats
196245546,Power Steering
196245546,Power Windows
196245546,Premium Wheels/Rims
196245546,Rear View Camera
196245546,Roof Rack
196245546,Sunroof
196245546,Touch Screen
196245546,USB Charger
196078651,ABS
196078651,Air Conditioning
196078651,Airbags
196078651,Alarm/Anti-Theft System
196078651,AM/FM Radio
196078651,Aux Audio In
196078651,Bluetooth System
196078651,Cruise Control
196078651,EBD
196078651,Fog Lights
196078651,Keyless Start
196078651,Leather Seats
196078651,Navigation System
196078651,Off-Road Tyres
196078651,Parking Sensors
196078651,Power Locks
196078651,Power Mirrors
196078651,Power Seats
196078651,Power Steering
196078651,Power Windows
196078651,Premium Wheels/Rims
196078651,Rear View Camera
196078651,Roof Rack
196078651,Sunroof
196078651,Touch Screen
196078651,USB Charger
195067997,ABS
195067997,Air Conditioning
195067997,Airbags
195067997,Bluetooth System
195067997,Cruise Control
195067997,EBD
195067997,Keyless Start
195067997,Leather Seats
195067997,Parking Sensors
195067997,Power Steering
195067997,Premium Wheels/Rims
195067997,Sunroof
195067997,Touch Screen
196460477,ABS
196460477,Air Conditioning
196460477,Airbags
196460477,AM/FM Radio
196460477,Bluetooth System
196460477,Parking Sensors
196460477,Power Locks
196460477,Power Mirrors
196460477,Power Steering
196460477,Power Windows
196460477,Premium Wheels/Rims
196328531,ABS
196328531,Air Conditioning
196328531,Airbags
196328531,Alarm/Anti-Theft System
196328531,AM/FM Radio
196328531,Aux Audio In
196328531,Bluetooth System
196328531,Cruise Control
196328531,EBD
196328531,Fog Lights
196328531,Keyless Start
196328531,Leather Seats
196328531,Navigation System
196328531,Off-Road Tyres
196328531,Parking Sensors
196328531,Power Locks
196328531,Power Mirrors
196328531,Power Seats
196328531,Power Steering
196328531,Power Windows
196328531,Premium Wheels/Rims
196328531,Rear View Camera
196328531,Roof Rack
196328531,Sunroof
196328531,Touch Screen
196328531,USB Charger
196551465,ABS
196551465,Air Conditioning
196551465,Airbags
196551465,Alarm/Anti-Theft System
196551465,AM/FM Radio
196551465,Aux Audio In
196551465,Bluetooth System
196551465,Cruise Control
196551465,EBD
196551465,Fog Lights
196551465,Keyless Start
196551465,Leather Seats
196551465,Navigation System
196551465,Off-Road Tyres
196551465,Parking Sensors
196551465,Power Locks
196551465,Power Mirrors
196551465,Power Seats
196551465,Power Steering
196551465,Power Windows
196551465,Premium Wheels/Rims
196551465,Rear View Camera
196551465,Roof Rack
196551465,Sunroof
196551465,Touch Screen
196551465,USB Charger
185198700,ABS
185198700,Air Conditioning
185198700,Airbags
185198700,Alarm/Anti-Theft System
185198700,AM/FM Radio
185198700,Aux Audio In
185198700,Bluetooth System
185198700,Cruise Control
185198700,EBD
185198700,Fog Lights
185198700,Keyless Start
185198700,Leather Seats
185198700,Off-Road Tyres
185198700,Parking Sensors
185198700,Power Locks
185198700,Power Mirrors
185198700,Power Seats
185198700,Power Steering
185198700,Power Windows
185198700,Premium Wheels/Rims
185198700,Rear View Camera
185198700,Roof Rack
185198700,Sunroof
185198700,Touch Screen
185198700,USB Charger
196539274,ABS
196539274,Air Conditioning
196539274,Airbags
196539274,Alarm/Anti-Theft System
196539274,AM/FM Radio
196539274,Aux Audio In
196539274,Bluetooth System
196539274,Cruise Control
196539274,EBD
196539274,Fog Lights
196539274,Keyless Start
196539274,Leather Seats
196539274,Navigation System
196539274,Off-Road Tyres
196539274,Parking Sensors
196539274,Power Locks
196539274,Power Mirrors
196539274,Power Seats
196539274,Power Steering
196539274,Power Windows
196539274,Premium Wheels/Rims
196539274,Rear View Camera
196539274,Roof Rack
196539274,Sunroof
196539274,Touch Screen
196539274,USB Charger
194199115,ABS
194199115,Air Conditioning
194199115,Airbags
196545059,Air Conditioning
196545059,Airbags
196545059,AM/FM Radio
196545059,Aux Audio In
196545059,Power Locks
196545059,Power Mirrors
196545059,Power Windows
196545059,Sunroof
196545059,USB Charger
196351734,ABS
196351734,Air Conditioning
196351734,Airbags
196351734,Alarm/Anti-Theft System
196351734,AM/FM Radio
196351734,Aux Audio In
196351734,Bluetooth System
196351734,Cruise Control
196351734,EBD
196351734,Fog Lights
196351734,Keyless Start
196351734,Leather Seats
196351734,Navigation System
196351734,Parking Sensors
196351734,Power Locks
196351734,Power Mirrors
196351734,Power Seats
196351734,Power Steering
196351734,Power Windows
196351734,Premium Wheels/Rims
196351734,Rear View Camera
196351734,Roof Rack
196351734,Sunroof
196351734,Touch Screen
196351734,USB Charger
196499061,ABS
196499061,Air Conditioning
196499061,Airbags
196499061,Alarm/Anti-Theft System
196499061,AM/FM Radio
196499061,Aux Audio In
196499061,Cruise Control
196499061,EBD
196499061,Fog Lights
196499061,Leather Seats
196499061,Off-Road Tyres
196499061,Parking Sensors
196499061,Power Locks
196499061,Power Mirrors
196499061,Power Seats
196499061,Power Windows
196499061,Premium Wheels/Rims
196499061,Rear View Camera
196499061,Roof Rack
196499061,Sunroof
196499061,USB Charger
196361528,ABS
196361528,Air Conditioning
196361528,Airbags
196361528,Alarm/Anti-Theft System
196361528,AM/FM Radio
196361528,Aux Audio In
196361528,Bluetooth System
196361528,Cruise Control
196361528,EBD
196361528,Fog Lights
196361528,Keyless Start
196361528,Leather Seats
196361528,Navigation System
196361528,Off-Road Tyres
196361528,Parking Sensors
196361528,Power Locks
196361528,Power Mirrors
196361528,Power Seats
196361528,Power Steering
196361528,Power Windows
196361528,Premium Wheels/Rims
196361528,Rear View Camera
196361528,Roof Rack
196361528,Sunroof
196361528,Touch Screen
196361528,USB Charger
196065698,ABS
196065698,Air Conditioning
196065698,Airbags
196065698,Alarm/Anti-Theft System
196065698,AM/FM Radio
196065698,Aux Audio In
196065698,Bluetooth System
196065698,Keyless Start
196065698,Parking Sensors
196065698,Power Locks
196065698,Power Mirrors
196065698,Power Windows
196065698,Rear View Camera
196065698,Touch Screen
196065698,USB Charger
194201554,ABS
194201554,Air Conditioning
194201554,Airbags
194201554,AM/FM Radio
194201554,Power Windows
194201554,Premium Wheels/Rims
194201554,Sunroof
193765524,ABS
193765524,Air Conditioning
193765524,Airbags
193765524,Alarm/Anti-Theft System
193765524,AM/FM Radio
193765524,Aux Audio In
193765524,Bluetooth System
193765524,EBD
193765524,Fog Lights
193765524,Leather Seats
193765524,Power Locks
193765524,Power Mirrors
193765524,Power Steering
193765524,Power Windows
193765524,USB Charger
196500367,ABS
196500367,Air Conditioning
196500367,Airbags
196500367,Alarm/Anti-Theft System
196500367,AM/FM Radio
196500367,Aux Audio In
196500367,Bluetooth System
196500367,Cruise Control
196500367,EBD
196500367,Fog Lights
196500367,Keyless Start
196500367,Leather Seats
196500367,Off-Road Tyres
196500367,Parking Sensors
196500367,Power Locks
196500367,Power Mirrors
196500367,Power Steering
196500367,Power Windows
196500367,Premium Wheels/Rims
196500367,Roof Rack
196500367,Touch Screen
196500367,USB Charger
196277092,Air Conditioning
196277092,Airbags
196277092,Alarm/Anti-Theft System
196277092,AM/FM Radio
196277092,Aux Audio In
196277092,Bluetooth System
196277092,Fog Lights
196277092,Power Locks
196277092,Power Mirrors
196277092,Power Steering
196277092,Power Windows
196277092,Roof Rack
196277092,USB Charger
196532908,ABS
196532908,Air Conditioning
196532908,Airbags
196532908,Alarm/Anti-Theft System
196532908,AM/FM Radio
196532908,Aux Audio In
196532908,Bluetooth System
196532908,Cruise Control
196532908,EBD
196532908,Fog Lights
196532908,Keyless Start
196532908,Leather Seats
196532908,Navigation System
196532908,Off-Road Tyres
196532908,Parking Sensors
196532908,Power Locks
196532908,Power Mirrors
196532908,Power Seats
196532908,Power Steering
196532908,Power Windows
196532908,Premium Wheels/Rims
196532908,Rear View Camera
196532908,Roof Rack
196532908,Sunroof
196532908,Touch Screen
196532908,USB Charger
193417037,ABS
193417037,Air Conditioning
193417037,Airbags
193417037,Alarm/Anti-Theft System
193417037,AM/FM Radio
193417037,Aux Audio In
193417037,Bluetooth System
193417037,Cruise Control
193417037,EBD
193417037,Keyless Start
193417037,Off-Road Tyres
193417037,Power Locks
193417037,Power Mirrors
193417037,Power Steering
193417037,Power Windows
193417037,Premium Wheels/Rims
193417037,Rear View Camera
193417037,Touch Screen
193417037,USB Charger
128970246,ABS
128970246,Air Conditioning
128970246,Airbags
128970246,Alarm/Anti-Theft System
128970246,AM/FM Radio
128970246,Aux Audio In
128970246,EBD
128970246,Fog Lights
128970246,Leather Seats
128970246,Off-Road Tyres
128970246,Parking Sensors
128970246,Power Locks
128970246,Power Mirrors
128970246,Power Steering
128970246,Power Windows
128970246,Premium Wheels/Rims
128970246,Rear View Camera
128970246,Sunroof
128970246,Touch Screen
128970246,USB Charger
195915266,ABS
195915266,Air Conditioning
195915266,Airbags
195915266,Alarm/Anti-Theft System
195915266,AM/FM Radio
195915266,Aux Audio In
195915266,Bluetooth System
195915266,Cruise Control
195915266,EBD
195915266,Fog Lights
195915266,Keyless Start
195915266,Leather Seats
195915266,Navigation System
195915266,Parking Sensors
195915266,Power Locks
195915266,Power Mirrors
195915266,Power Seats
195915266,Power Steering
195915266,Power Windows
195915266,Premium Wheels/Rims
195915266,Rear View Camera
195915266,Sunroof
195915266,Touch Screen
195915266,USB Charger
196409037,ABS
196409037,Air Conditioning
196409037,Airbags
196409037,Alarm/Anti-Theft System
196409037,AM/FM Radio
196409037,Aux Audio In
196409037,Bluetooth System
196409037,Cruise Control
196409037,EBD
196409037,Fog Lights
196409037,Leather Seats
196409037,Parking Sensors
196409037,Power Locks
196409037,Power Mirrors
196409037,Power Seats
196409037,Power Steering
196409037,Power Windows
196409037,Premium Wheels/Rims
196409037,USB Charger
196123324,ABS
196123324,Air Conditioning
196123324,Airbags
196123324,Alarm/Anti-Theft System
196123324,AM/FM Radio
196123324,Aux Audio In
196123324,Bluetooth System
196123324,Cruise Control
196123324,EBD
196123324,Fog Lights
196123324,Leather Seats
196123324,Parking Sensors
196123324,Power Locks
196123324,Power Mirrors
196123324,Power Steering
196123324,Power Windows
196123324,Premium Wheels/Rims
196123324,Roof Rack
196123324,Sunroof
196123324,USB Charger
195732665,ABS
195732665,Air Conditioning
195732665,Airbags
195732665,Alarm/Anti-Theft System
195732665,AM/FM Radio
195732665,Aux Audio In
195732665,Bluetooth System
195732665,Cruise Control
195732665,Fog Lights
195732665,Keyless Start
195732665,Leather Seats
195732665,Off-Road Tyres
195732665,Parking Sensors
195732665,Power Locks
195732665,Power Mirrors
195732665,Power Seats
195732665,Power Steering
195732665,Power Windows
195732665,Premium Wheels/Rims
195732665,Sunroof
195732665,USB Charger
196140268,ABS
196140268,Air Conditioning
196140268,Airbags
196140268,Alarm/Anti-Theft System
196140268,AM/FM Radio
196140268,Aux Audio In
196140268,Bluetooth System
196140268,Cruise Control
196140268,EBD
196140268,Fog Lights
196140268,Keyless Start
196140268,Leather Seats
196140268,Navigation System
196140268,Off-Road Tyres
196140268,Parking Sensors
196140268,Power Locks
196140268,Power Mirrors
196140268,Power Seats
196140268,Power Steering
196140268,Power Windows
196140268,Premium Wheels/Rims
196140268,Rear View Camera
196140268,Roof Rack
196140268,Sunroof
196140268,Touch Screen
196140268,USB Charger
196525497,ABS
196525497,Air Conditioning
196525497,Airbags
196525497,Alarm/Anti-Theft System
196525497,AM/FM Radio
196525497,Aux Audio In
196525497,Bluetooth System
196525497,Cruise Control
196525497,EBD
196525497,Fog Lights
196525497,Keyless Start
196525497,Leather Seats
196525497,Navigation System
196525497,Parking Sensors
196525497,Power Locks
196525497,Power Mirrors
196525497,Power Seats
196525497,Power Steering
196525497,Power Windows
196525497,Rear View Camera
196525497,Sunroof
196525497,Touch Screen
196525497,USB Charger
196221694,ABS
196221694,Air Conditioning
196221694,Airbags
196221694,Alarm/Anti-Theft System
196221694,AM/FM Radio
196221694,Aux Audio In
196221694,Bluetooth System
196221694,Cruise Control
196221694,EBD
196221694,Fog Lights
196221694,Keyless Start
196221694,Leather Seats
196221694,Navigation System
196221694,Off-Road Tyres
196221694,Parking Sensors
196221694,Power Locks
196221694,Power Mirrors
196221694,Power Seats
196221694,Power Steering
196221694,Power Windows
196221694,Premium Wheels/Rims
196221694,Rear View Camera
196221694,Sunroof
196221694,Touch Screen
196221694,USB Charger
193339784,ABS
193339784,Air Conditioning
193339784,Airbags
193339784,Alarm/Anti-Theft System
193339784,AM/FM Radio
193339784,Aux Audio In
193339784,Bluetooth System
193339784,Cruise Control
193339784,EBD
193339784,Fog Lights
193339784,Keyless Start
193339784,Leather Seats
193339784,Navigation System
193339784,Off-Road Tyres
193339784,Parking Sensors
193339784,Power Locks
193339784,Power Mirrors
193339784,Power Seats
193339784,Power Steering
193339784,Power Windows
193339784,Premium Wheels/Rims
193339784,Rear View Camera
193339784,Roof Rack
193339784,Sunroof
193339784,Touch Screen
193339784,USB Charger
196484165,ABS
196484165,Air Conditioning
196484165,Airbags
196484165,Alarm/Anti-Theft System
196484165,AM/FM Radio
196484165,Aux Audio In
196484165,Bluetooth System
196484165,Cruise Control
196484165,EBD
196484165,Fog Lights
196484165,Keyless Start
196484165,Leather Seats
196484165,Navigation System
196484165,Off-Road Tyres
196484165,Parking Sensors
196484165,Power Locks
196484165,Power Mirrors
196484165,Power Seats
196484165,Power Steering
196484165,Power Windows
196484165,Premium Wheels/Rims
196484165,Rear View Camera
196484165,Roof Rack
196484165,Sunroof
196484165,Touch Screen
196484165,USB Charger
195907952,ABS
195907952,Air Conditioning
195907952,Airbags
195907952,Alarm/Anti-Theft System
195907952,AM/FM Radio
195907952,Aux Audio In
195907952,Bluetooth System
195907952,Cruise Control
195907952,EBD
195907952,Fog Lights
195907952,Keyless Start
195907952,Leather Seats
195907952,Navigation System
195907952,Off-Road Tyres
195907952,Parking Sensors
195907952,Power Locks
195907952,Power Mirrors
195907952,Power Seats
195907952,Power Steering
195907952,Power Windows
195907952,Premium Wheels/Rims
195907952,Rear View Camera
195907952,Sunroof
195907952,Touch Screen
195907952,USB Charger
196094821,Bluetooth System
196094821,Cruise Control
196094821,Keyless Start
196094821,Parking Sensors
196094821,Power Locks
196094821,Power Mirrors
196094821,Power Windows
196094821,Rear View Camera
196094821,Sunroof
196094821,Touch Screen
196094821,USB Charger
196390844,ABS
196390844,Air Conditioning
196390844,Airbags
196390844,Alarm/Anti-Theft System
196390844,AM/FM Radio
196390844,Aux Audio In
196390844,Bluetooth System
196390844,Cruise Control
196390844,EBD
196390844,Fog Lights
196390844,Keyless Start
196390844,Leather Seats
196390844,Navigation System
196390844,Parking Sensors
196390844,Power Locks
196390844,Power Mirrors
196390844,Power Seats
196390844,Power Steering
196390844,Power Windows
196390844,Rear View Camera
196390844,Roof Rack
196390844,Sunroof
196390844,Touch Screen
196390844,USB Charger
196553377,ABS
196553377,Air Conditioning
196553377,Airbags
196553377,Alarm/Anti-Theft System
196553377,AM/FM Radio
196553377,Aux Audio In
196553377,Bluetooth System
196553377,Cruise Control
196553377,EBD
196553377,Fog Lights
196553377,Keyless Start
196553377,Leather Seats
196553377,Navigation System
196553377,Parking Sensors
196553377,Power Locks
196553377,Power Mirrors
196553377,Power Seats
196553377,Power Steering
196553377,Power Windows
196553377,Rear View Camera
196553377,Roof Rack
196553377,Sunroof
196553377,Touch Screen
196553377,USB Charger
196542267,Air Conditioning
196542267,Airbags
196542267,AM/FM Radio
196542267,Power Locks
196542267,Power Mirrors
196542267,Power Steering
196542267,Power Windows
196542267,USB Charger
195972988,ABS
195972988,Air Conditioning
195972988,Airbags
195972988,Alarm/Anti-Theft System
195972988,AM/FM Radio
195972988,Aux Audio In
195972988,Bluetooth System
195972988,Cruise Control
195972988,EBD
195972988,Fog Lights
195972988,Keyless Start
195972988,Leather Seats
195972988,Navigation System
195972988,Off-Road Tyres
195972988,Parking Sensors
195972988,Power Locks
195972988,Power Mirrors
195972988,Power Seats
195972988,Power Steering
195972988,Power Windows
195972988,Premium Wheels/Rims
195972988,Rear View Camera
195972988,Touch Screen
195972988,USB Charger
196537827,ABS
196537827,Air Conditioning
196537827,Airbags
196537827,Alarm/Anti-Theft System
196537827,AM/FM Radio
196537827,Aux Audio In
196537827,Bluetooth System
196537827,EBD
196537827,Fog Lights
196537827,Power Locks
196537827,Power Mirrors
196537827,Power Steering
196537827,Power Windows
196537827,Sunroof
196537827,USB Charger
196556633,ABS
196556633,Air Conditioning
196556633,Airbags
196556633,Alarm/Anti-Theft System
196556633,AM/FM Radio
196556633,Aux Audio In
196556633,Bluetooth System
196556633,Cruise Control
196556633,EBD
196556633,Fog Lights
196556633,Keyless Start
196556633,Leather Seats
196556633,Navigation System
196556633,Parking Sensors
196556633,Power Locks
196556633,Power Mirrors
196556633,Power Seats
196556633,Power Steering
196556633,Power Windows
196556633,Premium Wheels/Rims
196556633,Rear View Camera
196556633,Roof Rack
196556633,Sunroof
196556633,Touch Screen
196556633,USB Charger
196431047,ABS
196431047,Air Conditioning
196431047,Airbags
196431047,Alarm/Anti-Theft System
196431047,AM/FM Radio
196431047,Aux Audio In
196431047,Bluetooth System
196431047,EBD
196431047,Fog Lights
196431047,Keyless Start
196431047,Leather Seats
196431047,Navigation System
196431047,Off-Road Tyres
196431047,Parking Sensors
196431047,Power Locks
196431047,Power Mirrors
196431047,Power Seats
196431047,Power Steering
196431047,Power Windows
196431047,Premium Wheels/Rims
196431047,Rear View Camera
196431047,Roof Rack
196431047,Sunroof
196431047,Touch Screen
196559275,ABS
196559275,Air Conditioning
196559275,Airbags
196559275,AM/FM Radio
196559275,Bluetooth System
196559275,EBD
196559275,Fog Lights
196559275,Keyless Start
196559275,Power Locks
196559275,Power Steering
196559275,Power Windows
196559275,Premium Wheels/Rims
196559199,Air Conditioning
196559199,Alarm/Anti-Theft System
196559199,AM/FM Radio
196559199,Aux Audio In
196559199,Bluetooth System
196559199,EBD
196559199,Power Locks
196559199,Power Mirrors
196559199,Power Steering
196559199,Power Windows
196559199,USB Charger
196559121,ABS
196559121,Air Conditioning
196559121,Airbags
196559121,Alarm/Anti-Theft System
196559121,AM/FM Radio
196559121,Aux Audio In
196559121,Bluetooth System
196559121,EBD
196559121,Fog Lights
196559121,Keyless Start
196559121,Off-Road Tyres
196559121,Power Locks
196559121,Power Steering
196559121,Power Windows
196559121,Premium Wheels/Rims
196559121,Touch Screen
196559121,USB Charger
196350811,ABS
196350811,Air Conditioning
196350811,Airbags
196350811,Alarm/Anti-Theft System
196350811,AM/FM Radio
196350811,Aux Audio In
196350811,Bluetooth System
196350811,Cruise Control
196350811,EBD
196350811,Fog Lights
196350811,Off-Road Tyres
196350811,Parking Sensors
196350811,Power Locks
196350811,Power Mirrors
196350811,Power Steering
196350811,Power Windows
196350811,Premium Wheels/Rims
196350811,Roof Rack
196350811,Touch Screen
196350811,USB Charger
196350371,ABS
196350371,Air Conditioning
196350371,Airbags
196350371,Alarm/Anti-Theft System
196350371,AM/FM Radio
196350371,Aux Audio In
196350371,Bluetooth System
196350371,Cruise Control
196350371,EBD
196350371,Fog Lights
196350371,Leather Seats
196350371,Navigation System
196350371,Off-Road Tyres
196350371,Parking Sensors
196350371,Power Locks
196350371,Power Mirrors
196350371,Power Steering
196350371,Power Windows
196350371,Premium Wheels/Rims
196350371,Rear View Camera
196350371,Sunroof
196350371,Touch Screen
196350371,USB Charger
196559069,ABS
196559069,Air Conditioning
196559069,Airbags
196559069,Alarm/Anti-Theft System
196559069,AM/FM Radio
196559069,Aux Audio In
196559069,Bluetooth System
196559069,Cruise Control
196559069,Fog Lights
196559069,Keyless Start
196559069,Leather Seats
196559069,Navigation System
196559069,Off-Road Tyres
196559069,Parking Sensors
196559069,Power Locks
196559069,Power Mirrors
196559069,Power Seats
196559069,Power Steering
196559069,Power Windows
196559069,Premium Wheels/Rims
196559069,Rear View Camera
196559069,Roof Rack
196559069,Sunroof
196559069,Touch Screen
196559069,USB Charger
196394392,ABS
196394392,Air Conditioning
196394392,Airbags
196394392,Alarm/Anti-Theft System
196394392,AM/FM Radio
196394392,Aux Audio In
196394392,Bluetooth System
196394392,Cruise Control
196394392,EBD
196394392,Fog Lights
196394392,Keyless Start
196394392,Navigation System
196394392,Off-Road Tyres
196394392,Parking Sensors
196394392,Power Locks
196394392,Power Mirrors
196394392,Power Steering
196394392,Power Windows
196394392,Premium Wheels/Rims
196394392,Rear View Camera
196394392,Roof Rack
196394392,Touch Screen
196394392,USB Charger
196473352,ABS
196473352,Air Conditioning
196473352,Airbags
196473352,Alarm/Anti-Theft System
196473352,AM/FM Radio
196473352,Aux Audio In
196473352,Bluetooth System
196473352,Cruise Control
196473352,EBD
196473352,Fog Lights
196473352,Keyless Start
196473352,Leather Seats
196473352,Navigation System
196473352,Parking Sensors
196473352,Power Locks
196473352,Power Mirrors
196473352,Power Seats
196473352,Power Steering
196473352,Power Windows
196473352,Rear View Camera
196473352,Sunroof
196473352,Touch Screen
196473352,USB Charger
195896749,ABS
195896749,Air Conditioning
195896749,Airbags
195896749,Alarm/Anti-Theft System
195896749,AM/FM Radio
195896749,Aux Audio In
195896749,Bluetooth System
195896749,Cruise Control
195896749,EBD
195896749,Fog Lights
195896749,Power Locks
195896749,Power Mirrors
195896749,Power Steering
195896749,Power Windows
195896749,Touch Screen
195896749,USB Charger
196471928,Alarm/Anti-Theft System
196471928,AM/FM Radio
196471928,Bluetooth System
196471928,Keyless Start
196471928,Off-Road Tyres
196471928,Power Locks
196471928,Power Steering
196471928,Power Windows
196471928,Premium Wheels/Rims
196471928,Roof Rack
196471928,Touch Screen
196471928,USB Charger
196499166,ABS
196499166,Air Conditioning
196499166,Airbags
196499166,Alarm/Anti-Theft System
196499166,AM/FM Radio
196499166,Aux Audio In
196499166,Bluetooth System
196499166,Cruise Control
196499166,EBD
196499166,Fog Lights
196499166,Leather Seats
196499166,Navigation System
196499166,Off-Road Tyres
196499166,Parking Sensors
196499166,Power Locks
196499166,Power Mirrors
196499166,Power Seats
196499166,Power Steering
196499166,Power Windows
196499166,Premium Wheels/Rims
196499166,Roof Rack
196499166,Sunroof
196499166,Touch Screen
196499166,USB Charger
196550620,ABS
196550620,Air Conditioning
196550620,Airbags
196550620,Alarm/Anti-Theft System
196550620,AM/FM Radio
196550620,Aux Audio In
196550620,Bluetooth System
196550620,Cruise Control
196550620,EBD
196550620,Fog Lights
196550620,Navigation System
196550620,Parking Sensors
196550620,Power Locks
196550620,Power Mirrors
196550620,Power Steering
196550620,Power Windows
196550620,Premium Wheels/Rims
196550620,Rear View Camera
196550620,Roof Rack
196550620,Touch Screen
196550620,USB Charger
196533872,ABS
196533872,Air Conditioning
196533872,Airbags
196533872,AM/FM Radio
196533872,EBD
196533872,Parking Sensors
196533872,Power Locks
196533872,Power Steering
196533872,Power Windows
196533872,Premium Wheels/Rims
196533872,USB Charger
196532479,ABS
196532479,Air Conditioning
196532479,Airbags
196532479,Alarm/Anti-Theft System
196532479,AM/FM Radio
196532479,Aux Audio In
196532479,Bluetooth System
196532479,Cruise Control
196532479,EBD
196532479,Fog Lights
196532479,Keyless Start
196532479,Leather Seats
196532479,Navigation System
196532479,Off-Road Tyres
196532479,Parking Sensors
196532479,Power Locks
196532479,Power Mirrors
196532479,Power Seats
196532479,Power Steering
196532479,Power Windows
196532479,Premium Wheels/Rims
196532479,Rear View Camera
196532479,Roof Rack
196532479,Sunroof
196532479,Touch Screen
196532479,USB Charger
196533950,ABS
196533950,Air Conditioning
196533950,Airbags
196533950,Alarm/Anti-Theft System
196533950,AM/FM Radio
196533950,Aux Audio In
196533950,Bluetooth System
196533950,Cruise Control
196533950,EBD
196533950,Fog Lights
196533950,Keyless Start
196533950,Leather Seats
196533950,Navigation System
196533950,Off-Road Tyres
196533950,Parking Sensors
196533950,Power Locks
196533950,Power Mirrors
196533950,Power Seats
196533950,Power Steering
196533950,Power Windows
196533950,Premium Wheels/Rims
196533950,Rear View Camera
196533950,Roof Rack
196533950,Sunroof
196533950,Touch Screen
196533950,USB Charger
196368337,ABS
196368337,Air Conditioning
196368337,Airbags
196368337,Alarm/Anti-Theft System
196368337,AM/FM Radio
196368337,Aux Audio In
196368337,Bluetooth System
196368337,Cruise Control
196368337,EBD
196368337,Fog Lights
196368337,Keyless Start
196368337,Leather Seats
196368337,Navigation System
196368337,Parking Sensors
196368337,Power Locks
196368337,Power Mirrors
196368337,Power Seats
196368337,Power Steering
196368337,Power Windows
196368337,Rear View Camera
196368337,Roof Rack
196368337,Sunroof
196368337,Touch Screen
196368337,USB Charger
196501858,ABS
196501858,Air Conditioning
196501858,Airbags
196501858,Alarm/Anti-Theft System
196501858,AM/FM Radio
196501858,Aux Audio In
196501858,Fog Lights
196501858,Power Locks
196501858,Power Mirrors
196501858,Power Seats
196539229,ABS
196539229,Air Conditioning
196539229,Airbags
196539229,Alarm/Anti-Theft System
196539229,AM/FM Radio
196539229,Aux Audio In
196539229,Bluetooth System
196539229,Cruise Control
196539229,EBD
196539229,Fog Lights
196539229,Keyless Start
196539229,Leather Seats
196539229,Navigation System
196539229,Off-Road Tyres
196539229,Parking Sensors
196539229,Power Locks
196539229,Power Mirrors
196539229,Power Seats
196539229,Power Steering
196539229,Power Windows
196539229,Premium Wheels/Rims
196539229,Rear View Camera
196539229,Roof Rack
196539229,Sunroof
196539229,Touch Screen
196539229,USB Charger
196269690,ABS
196269690,Air Conditioning
196269690,Airbags
196269690,Alarm/Anti-Theft System
196269690,AM/FM Radio
196269690,Aux Audio In
196269690,Bluetooth System
196269690,Cruise Control
196269690,EBD
196269690,Fog Lights
196269690,Keyless Start
196269690,Leather Seats
196269690,Navigation System
196269690,Off-Road Tyres
196269690,Parking Sensors
196269690,Power Locks
196269690,Power Mirrors
196269690,Power Seats
196269690,Power Steering
196269690,Power Windows
196269690,Premium Wheels/Rims
196269690,Rear View Camera
196269690,Roof Rack
196269690,Sunroof
196269690,Touch Screen
196269690,USB Charger
194803678,ABS
194803678,Air Conditioning
194803678,Airbags
194803678,Alarm/Anti-Theft System
194803678,AM/FM Radio
194803678,Aux Audio In
194803678,Bluetooth System
194803678,Cruise Control
194803678,EBD
194803678,Keyless Start
194803678,Leather Seats
194803678,Navigation System
194803678,Parking Sensors
194803678,Power Locks
194803678,Power Mirrors
194803678,Power Seats
194803678,Power Steering
194803678,Power Windows
194803678,Premium Wheels/Rims
194803678,Rear View Camera
194803678,Sunroof
194803678,Touch Screen
194803678,USB Charger
196539002,Air Conditioning
196539002,Airbags
196539002,AM/FM Radio
196539002,Aux Audio In
196539002,Bluetooth System
196539002,Power Locks
196539002,Power Mirrors
196539002,Power Steering
196539002,Power Windows
187644607,ABS
187644607,Air Conditioning
187644607,Airbags
187644607,Alarm/Anti-Theft System
187644607,AM/FM Radio
187644607,Aux Audio In
187644607,Bluetooth System
187644607,EBD
187644607,Fog Lights
187644607,Keyless Start
187644607,Off-Road Tyres
187644607,Parking Sensors
187644607,Power Locks
187644607,Power Mirrors
187644607,Power Steering
187644607,Power Windows
187644607,Premium Wheels/Rims
187644607,Rear View Camera
187644607,Touch Screen
187644607,USB Charger
196391258,ABS
196391258,Air Conditioning
196391258,Airbags
196391258,Alarm/Anti-Theft System
196391258,AM/FM Radio
196391258,Aux Audio In
196391258,Bluetooth System
196391258,Cruise Control
196391258,EBD
196391258,Fog Lights
196391258,Keyless Start
196391258,Leather Seats
196391258,Navigation System
196391258,Off-Road Tyres
196391258,Parking Sensors
196391258,Power Locks
196391258,Power Mirrors
196391258,Power Seats
196391258,Power Steering
196391258,Power Windows
196391258,Premium Wheels/Rims
196391258,Rear View Camera
196391258,Roof Rack
196391258,Sunroof
196391258,Touch Screen
196391258,USB Charger
196503633,ABS
196503633,Air Conditioning
196503633,Airbags
196503633,AM/FM Radio
196503633,Aux Audio In
196503633,Bluetooth System
196503633,Cruise Control
196503633,Keyless Start
196503633,Parking Sensors
196503633,Power Mirrors
196503633,Power Windows
196503633,Rear View Camera
196503633,Touch Screen
196503633,USB Charger
196339235,ABS
196339235,Air Conditioning
196339235,Airbags
196339235,Alarm/Anti-Theft System
196339235,AM/FM Radio
196339235,Aux Audio In
196339235,Bluetooth System
196339235,Cruise Control
196339235,EBD
196339235,Fog Lights
196339235,Keyless Start
196339235,Leather Seats
196339235,Navigation System
196339235,Off-Road Tyres
196339235,Parking Sensors
196339235,Power Locks
196339235,Power Mirrors
196339235,Power Seats
196339235,Power Steering
196339235,Power Windows
196339235,Premium Wheels/Rims
196339235,Rear View Camera
196339235,Roof Rack
196339235,Sunroof
196339235,Touch Screen
196339235,USB Charger
196477230,ABS
196477230,Air Conditioning
196477230,Airbags
196477230,Alarm/Anti-Theft System
196477230,AM/FM Radio
196477230,Aux Audio In
196477230,Bluetooth System
196477230,Cruise Control
196477230,EBD
196477230,Fog Lights
196477230,Keyless Start
196477230,Leather Seats
196477230,Navigation System
196477230,Off-Road Tyres
196477230,Parking Sensors
196477230,Power Locks
196477230,Power Mirrors
196477230,Power Seats
196477230,Power Steering
196477230,Power Windows
196477230,Premium Wheels/Rims
196477230,Rear View Camera
196477230,Roof Rack
196477230,Sunroof
196477230,Touch Screen
196477230,USB Charger
196539364,ABS
196539364,Air Conditioning
196539364,Alarm/Anti-Theft System
196539364,AM/FM Radio
196539364,Aux Audio In
196539364,Bluetooth System
196539364,Cruise Control
196539364,EBD
196539364,Fog Lights
196539364,Keyless Start
196539364,Leather Seats
196539364,Navigation System
196539364,Off-Road Tyres
196539364,Parking Sensors
196539364,Power Locks
196539364,Power Mirrors
196539364,Power Seats
196539364,Power Steering
196539364,Power Windows
196539364,Premium Wheels/Rims
196539364,Rear View Camera
196539364,Roof Rack
196539364,Sunroof
196539364,Touch Screen
196539364,USB Charger
196446441,ABS
196446441,Air Conditioning
196446441,Airbags
196446441,Alarm/Anti-Theft System
196446441,AM/FM Radio
196446441,Aux Audio In
196446441,EBD
196446441,Fog Lights
196446441,Keyless Start
196446441,Power Locks
196446441,Power Mirrors
196446441,Power Seats
196446441,Power Steering
196446441,Power Windows
196446441,USB Charger
177516218,ABS
177516218,Air Conditioning
177516218,Airbags
177516218,Alarm/Anti-Theft System
177516218,AM/FM Radio
177516218,Aux Audio In
177516218,Bluetooth System
177516218,Cruise Control
177516218,EBD
177516218,Fog Lights
177516218,Navigation System
177516218,Off-Road Tyres
177516218,Parking Sensors
177516218,Power Locks
177516218,Power Mirrors
177516218,Power Steering
177516218,Power Windows
177516218,USB Charger
196559501,ABS
196559501,Air Conditioning
196559501,Airbags
196559501,AM/FM Radio
196559501,Bluetooth System
196559501,Cruise Control
196559501,Keyless Start
196559501,Leather Seats
196559501,Navigation System
196559501,Parking Sensors
196559501,Power Locks
196559501,Power Mirrors
196559501,Power Windows
196559501,Premium Wheels/Rims
196559501,Touch Screen
196559501,USB Charger
196559497,ABS
196559497,Air Conditioning
196559497,Airbags
196559497,Alarm/Anti-Theft System
196559497,AM/FM Radio
196559497,Aux Audio In
196559497,Cruise Control
196559497,EBD
196559497,Fog Lights
196559497,Parking Sensors
196559497,Power Locks
196559497,Power Seats
196559497,Premium Wheels/Rims
196559497,Roof Rack
196559497,Sunroof
196559497,USB Charger
196559443,ABS
196559443,Air Conditioning
196559443,Airbags
196559443,Alarm/Anti-Theft System
196559443,Bluetooth System
196559443,Cruise Control
196559443,EBD
196559443,Fog Lights
196559443,Keyless Start
196559443,Leather Seats
196559443,Off-Road Tyres
196559443,Parking Sensors
196559443,Power Locks
196559443,Power Mirrors
196559443,Power Seats
196559443,Power Steering
196559443,Power Windows
196559443,Premium Wheels/Rims
196559443,Sunroof
196559443,USB Charger
196542449,ABS
196542449,Air Conditioning
196542449,Airbags
196542449,Alarm/Anti-Theft System
196542449,AM/FM Radio
196542449,Aux Audio In
196542449,Bluetooth System
196542449,Cruise Control
196542449,EBD
196542449,Fog Lights
196542449,Leather Seats
196542449,Power Locks
196542449,Power Mirrors
196542449,Power Seats
196542449,Power Steering
196542449,Power Windows
196542449,USB Charger
196559405,ABS
196559405,Air Conditioning
196559405,Airbags
196559405,AM/FM Radio
196559405,Bluetooth System
196559405,Power Mirrors
196559405,Power Seats
196559384,ABS
196559384,Air Conditioning
196559384,Airbags
196559384,Alarm/Anti-Theft System
196559384,AM/FM Radio
196559384,Aux Audio In
196559384,Bluetooth System
196559384,Cruise Control
196559384,EBD
196559384,Fog Lights
196559384,Navigation System
196559384,Off-Road Tyres
196559384,Parking Sensors
196559384,Power Locks
196559384,Power Mirrors
196559384,Power Steering
196559384,Power Windows
196559384,Premium Wheels/Rims
196559384,Rear View Camera
196559384,Touch Screen
196559384,USB Charger
196558861,ABS
196558861,Air Conditioning
196558861,Airbags
196558861,Alarm/Anti-Theft System
196558861,AM/FM Radio
196558861,Aux Audio In
196558861,Bluetooth System
196558861,Cruise Control
196558861,EBD
196558861,Fog Lights
196558861,Keyless Start
196558861,Leather Seats
196558861,Navigation System
196558861,Off-Road Tyres
196558861,Parking Sensors
196558861,Power Locks
196558861,Power Mirrors
196558861,Power Seats
196558861,Power Steering
196558861,Power Windows
196558861,Premium Wheels/Rims
196558861,Rear View Camera
196558861,Roof Rack
196558861,Touch Screen
196558861,USB Charger
196529756,ABS
196529756,Air Conditioning
196529756,Airbags
196529756,AM/FM Radio
196529756,Aux Audio In
196529756,Bluetooth System
196529756,Cruise Control
196529756,EBD
196529756,Fog Lights
196529756,Leather Seats
196529756,Off-Road Tyres
196529756,Parking Sensors
196529756,Power Mirrors
196529756,Power Windows
196529733,ABS
196529733,Air Conditioning
196529733,Airbags
196529733,Alarm/Anti-Theft System
196529733,AM/FM Radio
196529733,Aux Audio In
196529733,Bluetooth System
196529733,Cruise Control
196529733,EBD
196529733,Fog Lights
196529733,Keyless Start
196529733,Navigation System
196529733,Off-Road Tyres
196529733,Parking Sensors
196529733,Power Locks
196529733,Power Mirrors
196529733,Power Steering
196529733,Power Windows
196529733,Premium Wheels/Rims
196529733,Rear View Camera
196529733,Roof Rack
196529733,Sunroof
196529733,Touch Screen
196529733,USB Charger
196503344,ABS
196503344,Air Conditioning
196503344,Airbags
196503344,Alarm/Anti-Theft System
196503344,AM/FM Radio
196503344,Aux Audio In
196503344,Bluetooth System
196503344,Cruise Control
196503344,EBD
196503344,Fog Lights
196503344,Keyless Start
196503344,Leather Seats
196503344,Navigation System
196503344,Off-Road Tyres
196503344,Parking Sensors
196503344,Power Locks
196503344,Power Mirrors
196503344,Power Windows
196503344,Premium Wheels/Rims
196503344,Rear View Camera
196503344,Touch Screen
196503344,USB Charger
196299162,ABS
196299162,Air Conditioning
196299162,Airbags
196299162,Alarm/Anti-Theft System
196299162,AM/FM Radio
196299162,Aux Audio In
196299162,Bluetooth System
196299162,Cruise Control
196299162,EBD
196299162,Fog Lights
196299162,Keyless Start
196299162,Leather Seats
196299162,Navigation System
196299162,Off-Road Tyres
196299162,Parking Sensors
196299162,Power Locks
196299162,Power Mirrors
196299162,Power Seats
196299162,Power Steering
196299162,Power Windows
196299162,Premium Wheels/Rims
196299162,Rear View Camera
196299162,Roof Rack
196299162,Sunroof
196299162,Touch Screen
196299162,USB Charger
